-- --------------------------------------------------------
-- Host:                         127.0.0.1
-- Versión del servidor:         10.5.11-MariaDB - mariadb.org binary distribution
-- SO del servidor:              Win64
-- HeidiSQL Versión:             11.3.0.6295
-- --------------------------------------------------------

/*!40101 SET @OLD_CHARACTER_SET_CLIENT=@@CHARACTER_SET_CLIENT */;
/*!40101 SET NAMES utf8 */;
/*!50503 SET NAMES utf8mb4 */;
/*!40014 SET @OLD_FOREIGN_KEY_CHECKS=@@FOREIGN_KEY_CHECKS, FOREIGN_KEY_CHECKS=0 */;
/*!40101 SET @OLD_SQL_MODE=@@SQL_MODE, SQL_MODE='NO_AUTO_VALUE_ON_ZERO' */;
/*!40111 SET @OLD_SQL_NOTES=@@SQL_NOTES, SQL_NOTES=0 */;

-- Volcando estructura para tabla mundo.calle
CREATE TABLE IF NOT EXISTS `calle` (
  `id_calle` int(11) NOT NULL AUTO_INCREMENT,
  `nombre_calle` varchar(200) NOT NULL,
  `id_ciudad` int(11) NOT NULL,
  PRIMARY KEY (`id_calle`)
) ENGINE=MyISAM AUTO_INCREMENT=346 DEFAULT CHARSET=utf8;

-- Volcando datos para la tabla mundo.calle: 345 rows
/*!40000 ALTER TABLE `calle` DISABLE KEYS */;
INSERT INTO `calle` (`id_calle`, `nombre_calle`, `id_ciudad`) VALUES
	(1, 'calle Arica', 1),
	(2, 'calle Camarones', 2),
	(3, 'calle General Lagos', 3),
	(4, 'calle Putre', 4),
	(5, 'calle Alto Hospicio', 5),
	(6, 'calle Iquique', 6),
	(7, 'calle Camiña', 7),
	(8, 'calle Colchane', 8),
	(9, 'calle Huara', 9),
	(10, 'calle Pica', 10),
	(11, 'calle Pozo Almonte', 11),
	(12, 'calle Antofagasta', 12),
	(13, 'calle Mejillones', 13),
	(14, 'calle Sierra Gorda', 14),
	(15, 'calle Taltal', 15),
	(16, 'calle Calama', 16),
	(17, 'calle Ollague', 17),
	(18, 'calle San Pedro de Atacama', 18),
	(19, 'calle María Elena', 19),
	(20, 'calle Tocopilla', 20),
	(21, 'calle Chañaral', 21),
	(22, 'calle Diego de Almagro', 22),
	(23, 'calle Caldera', 23),
	(24, 'calle Copiapó', 24),
	(25, 'calle Tierra Amarilla', 25),
	(26, 'calle Alto del Carmen', 26),
	(27, 'calle Freirina', 27),
	(28, 'calle Huasco', 28),
	(29, 'calle Vallenar', 29),
	(30, 'calle Canela', 30),
	(31, 'calle Illapel', 31),
	(32, 'calle Los Vilos', 32),
	(33, 'calle Salamanca', 33),
	(34, 'calle Andacollo', 34),
	(35, 'calle Coquimbo', 35),
	(36, 'calle La Higuera', 36),
	(37, 'calle La Serena', 37),
	(38, 'calle Paihuaco', 38),
	(39, 'calle Vicuña', 39),
	(40, 'calle Combarbalá', 40),
	(41, 'calle Monte Patria', 41),
	(42, 'calle Ovalle', 42),
	(43, 'calle Punitaqui', 43),
	(44, 'calle Río Hurtado', 44),
	(45, 'calle Isla de Pascua', 45),
	(46, 'calle Calle Larga', 46),
	(47, 'calle Los Andes', 47),
	(48, 'calle Rinconada', 48),
	(49, 'calle San Esteban', 49),
	(50, 'calle La Ligua', 50),
	(51, 'calle Papudo', 51),
	(52, 'calle Petorca', 52),
	(53, 'calle Zapallar', 53),
	(54, 'calle Hijuelas', 54),
	(55, 'calle La Calera', 55),
	(56, 'calle La Cruz', 56),
	(57, 'calle Limache', 57),
	(58, 'calle Nogales', 58),
	(59, 'calle Olmué', 59),
	(60, 'calle Quillota', 60),
	(61, 'calle Algarrobo', 61),
	(62, 'calle Cartagena', 62),
	(63, 'calle El Quisco', 63),
	(64, 'calle El Tabo', 64),
	(65, 'calle San Antonio', 65),
	(66, 'calle Santo Domingo', 66),
	(67, 'calle Catemu', 67),
	(68, 'calle Llaillay', 68),
	(69, 'calle Panquehue', 69),
	(70, 'calle Putaendo', 70),
	(71, 'calle San Felipe', 71),
	(72, 'calle Santa María', 72),
	(73, 'calle Casablanca', 73),
	(74, 'calle Concón', 74),
	(75, 'calle Juan Fernández', 75),
	(76, 'calle Puchuncaví', 76),
	(77, 'calle Quilpué', 77),
	(78, 'calle Quintero', 78),
	(79, 'calle Valparaíso', 79),
	(80, 'calle Villa Alemana', 80),
	(81, 'calle Viña del Mar', 81),
	(82, 'calle Colina', 82),
	(83, 'calle Lampa', 83),
	(84, 'calle Tiltil', 84),
	(85, 'calle Pirque', 85),
	(86, 'calle Puente Alto', 86),
	(87, 'calle San José de Maipo', 87),
	(88, 'calle Buin', 88),
	(89, 'calle Calera de Tango', 89),
	(90, 'calle Paine', 90),
	(91, 'calle San Bernardo', 91),
	(92, 'calle Alhué', 92),
	(93, 'calle Curacaví', 93),
	(94, 'calle María Pinto', 94),
	(95, 'calle Melipilla', 95),
	(96, 'calle San Pedro', 96),
	(97, 'calle Cerrillos', 97),
	(98, 'calle Cerro Navia', 98),
	(99, 'calle Conchalí', 99),
	(100, 'calle El Bosque', 100),
	(101, 'calle Estación Central', 101),
	(102, 'calle Huechuraba', 102),
	(103, 'calle Independencia', 103),
	(104, 'calle La Cisterna', 104),
	(105, 'calle La Granja', 105),
	(106, 'calle La Florida', 106),
	(107, 'calle La Pintana', 107),
	(108, 'calle La Reina', 108),
	(109, 'calle Las Condes', 109),
	(110, 'calle Lo Barnechea', 110),
	(111, 'calle Lo Espejo', 111),
	(112, 'calle Lo Prado', 112),
	(113, 'calle Macul', 113),
	(114, 'calle Maipú', 114),
	(115, 'calle Ñuñoa', 115),
	(116, 'calle Pedro Aguirre Cerda', 116),
	(117, 'calle Peñalolén', 117),
	(118, 'calle Providencia', 118),
	(119, 'calle Pudahuel', 119),
	(120, 'calle Quilicura', 120),
	(121, 'calle Quinta Normal', 121),
	(122, 'calle Recoleta', 122),
	(123, 'calle Renca', 123),
	(124, 'calle San Miguel', 124),
	(125, 'calle San Joaquín', 125),
	(126, 'calle San Ramón', 126),
	(127, 'calle Santiago', 127),
	(128, 'calle Vitacura', 128),
	(129, 'calle El Monte', 129),
	(130, 'calle Isla de Maipo', 130),
	(131, 'calle Padre Hurtado', 131),
	(132, 'calle Peñaflor', 132),
	(133, 'calle Talagante', 133),
	(134, 'calle Codegua', 134),
	(135, 'calle Coínco', 135),
	(136, 'calle Coltauco', 136),
	(137, 'calle Doñihue', 137),
	(138, 'calle Graneros', 138),
	(139, 'calle Las Cabras', 139),
	(140, 'calle Machalí', 140),
	(141, 'calle Malloa', 141),
	(142, 'calle Mostazal', 142),
	(143, 'calle Olivar', 143),
	(144, 'calle Peumo', 144),
	(145, 'calle Pichidegua', 145),
	(146, 'calle Quinta de Tilcoco', 146),
	(147, 'calle Rancagua', 147),
	(148, 'calle Rengo', 148),
	(149, 'calle Requínoa', 149),
	(150, 'calle San Vicente de Tagua Tagua', 150),
	(151, 'calle La Estrella', 151),
	(152, 'calle Litueche', 152),
	(153, 'calle Marchihue', 153),
	(154, 'calle Navidad', 154),
	(155, 'calle Peredones', 155),
	(156, 'calle Pichilemu', 156),
	(157, 'calle Chépica', 157),
	(158, 'calle Chimbarongo', 158),
	(159, 'calle Lolol', 159),
	(160, 'calle Nancagua', 160),
	(161, 'calle Palmilla', 161),
	(162, 'calle Peralillo', 162),
	(163, 'calle Placilla', 163),
	(164, 'calle Pumanque', 164),
	(165, 'calle San Fernando', 165),
	(166, 'calle Santa Cruz', 166),
	(167, 'calle Cauquenes', 167),
	(168, 'calle Chanco', 168),
	(169, 'calle Pelluhue', 169),
	(170, 'calle Curicó', 170),
	(171, 'calle Hualañé', 171),
	(172, 'calle Licantén', 172),
	(173, 'calle Molina', 173),
	(174, 'calle Rauco', 174),
	(175, 'calle Romeral', 175),
	(176, 'calle Sagrada Familia', 176),
	(177, 'calle Teno', 177),
	(178, 'calle Vichuquén', 178),
	(179, 'calle Colbún', 179),
	(180, 'calle Linares', 180),
	(181, 'calle Longaví', 181),
	(182, 'calle Parral', 182),
	(183, 'calle Retiro', 183),
	(184, 'calle San Javier', 184),
	(185, 'calle Villa Alegre', 185),
	(186, 'calle Yerbas Buenas', 186),
	(187, 'calle Constitución', 187),
	(188, 'calle Curepto', 188),
	(189, 'calle Empedrado', 189),
	(190, 'calle Maule', 190),
	(191, 'calle Pelarco', 191),
	(192, 'calle Pencahue', 192),
	(193, 'calle Río Claro', 193),
	(194, 'calle San Clemente', 194),
	(195, 'calle San Rafael', 195),
	(196, 'calle Talca', 196),
	(197, 'calle Arauco', 197),
	(198, 'calle Cañete', 198),
	(199, 'calle Contulmo', 199),
	(200, 'calle Curanilahue', 200),
	(201, 'calle Lebu', 201),
	(202, 'calle Los Álamos', 202),
	(203, 'calle Tirúa', 203),
	(204, 'calle Alto Biobío', 204),
	(205, 'calle Antuco', 205),
	(206, 'calle Cabrero', 206),
	(207, 'calle Laja', 207),
	(208, 'calle Los Ángeles', 208),
	(209, 'calle Mulchén', 209),
	(210, 'calle Nacimiento', 210),
	(211, 'calle Negrete', 211),
	(212, 'calle Quilaco', 212),
	(213, 'calle Quilleco', 213),
	(214, 'calle San Rosendo', 214),
	(215, 'calle Santa Bárbara', 215),
	(216, 'calle Tucapel', 216),
	(217, 'calle Yumbel', 217),
	(218, 'calle Chiguayante', 218),
	(219, 'calle Concepción', 219),
	(220, 'calle Coronel', 220),
	(221, 'calle Florida', 221),
	(222, 'calle Hualpén', 222),
	(223, 'calle Hualqui', 223),
	(224, 'calle Lota', 224),
	(225, 'calle Penco', 225),
	(226, 'calle San Pedro de La Paz', 226),
	(227, 'calle Santa Juana', 227),
	(228, 'calle Talcahuano', 228),
	(229, 'calle Tomé', 229),
	(230, 'calle Bulnes', 230),
	(231, 'calle Chillán', 231),
	(232, 'calle Chillán Viejo', 232),
	(233, 'calle Cobquecura', 233),
	(234, 'calle Coelemu', 234),
	(235, 'calle Coihueco', 235),
	(236, 'calle El Carmen', 236),
	(237, 'calle Ninhue', 237),
	(238, 'calle Ñiquen', 238),
	(239, 'calle Pemuco', 239),
	(240, 'calle Pinto', 240),
	(241, 'calle Portezuelo', 241),
	(242, 'calle Quillón', 242),
	(243, 'calle Quirihue', 243),
	(244, 'calle Ránquil', 244),
	(245, 'calle San Carlos', 245),
	(246, 'calle San Fabián', 246),
	(247, 'calle San Ignacio', 247),
	(248, 'calle San Nicolás', 248),
	(249, 'calle Treguaco', 249),
	(250, 'calle Yungay', 250),
	(251, 'calle Carahue', 251),
	(252, 'calle Cholchol', 252),
	(253, 'calle Cunco', 253),
	(254, 'calle Curarrehue', 254),
	(255, 'calle Freire', 255),
	(256, 'calle Galvarino', 256),
	(257, 'calle Gorbea', 257),
	(258, 'calle Lautaro', 258),
	(259, 'calle Loncoche', 259),
	(260, 'calle Melipeuco', 260),
	(261, 'calle Nueva Imperial', 261),
	(262, 'calle Padre Las Casas', 262),
	(263, 'calle Perquenco', 263),
	(264, 'calle Pitrufquén', 264),
	(265, 'calle Pucón', 265),
	(266, 'calle Saavedra', 266),
	(267, 'calle Temuco', 267),
	(268, 'calle Teodoro Schmidt', 268),
	(269, 'calle Toltén', 269),
	(270, 'calle Vilcún', 270),
	(271, 'calle Villarrica', 271),
	(272, 'calle Angol', 272),
	(273, 'calle Collipulli', 273),
	(274, 'calle Curacautín', 274),
	(275, 'calle Ercilla', 275),
	(276, 'calle Lonquimay', 276),
	(277, 'calle Los Sauces', 277),
	(278, 'calle Lumaco', 278),
	(279, 'calle Purén', 279),
	(280, 'calle Renaico', 280),
	(281, 'calle Traiguén', 281),
	(282, 'calle Victoria', 282),
	(283, 'calle Corral', 283),
	(284, 'calle Lanco', 284),
	(285, 'calle Los Lagos', 285),
	(286, 'calle Máfil', 286),
	(287, 'calle Mariquina', 287),
	(288, 'calle Paillaco', 288),
	(289, 'calle Panguipulli', 289),
	(290, 'calle Valdivia', 290),
	(291, 'calle Futrono', 291),
	(292, 'calle La Unión', 292),
	(293, 'calle Lago Ranco', 293),
	(294, 'calle Río Bueno', 294),
	(295, 'calle Ancud', 295),
	(296, 'calle Castro', 296),
	(297, 'calle Chonchi', 297),
	(298, 'calle Curaco de Vélez', 298),
	(299, 'calle Dalcahue', 299),
	(300, 'calle Puqueldón', 300),
	(301, 'calle Queilén', 301),
	(302, 'calle Quemchi', 302),
	(303, 'calle Quellón', 303),
	(304, 'calle Quinchao', 304),
	(305, 'calle Calbuco', 305),
	(306, 'calle Cochamó', 306),
	(307, 'calle Fresia', 307),
	(308, 'calle Frutillar', 308),
	(309, 'calle Llanquihue', 309),
	(310, 'calle Los Muermos', 310),
	(311, 'calle Maullín', 311),
	(312, 'calle Puerto Montt', 312),
	(313, 'calle Puerto Varas', 313),
	(314, 'calle Osorno', 314),
	(315, 'calle Puero Octay', 315),
	(316, 'calle Purranque', 316),
	(317, 'calle Puyehue', 317),
	(318, 'calle Río Negro', 318),
	(319, 'calle San Juan de la Costa', 319),
	(320, 'calle San Pablo', 320),
	(321, 'calle Chaitén', 321),
	(322, 'calle Futaleufú', 322),
	(323, 'calle Hualaihué', 323),
	(324, 'calle Palena', 324),
	(325, 'calle Aisén', 325),
	(326, 'calle Cisnes', 326),
	(327, 'calle Guaitecas', 327),
	(328, 'calle Cochrane', 328),
	(329, 'calle O\'higgins', 329),
	(330, 'calle Tortel', 330),
	(331, 'calle Coihaique', 331),
	(332, 'calle Lago Verde', 332),
	(333, 'calle Chile Chico', 333),
	(334, 'calle Río Ibáñez', 334),
	(335, 'calle Antártica', 335),
	(336, 'calle Cabo de Hornos', 336),
	(337, 'calle Laguna Blanca', 337),
	(338, 'calle Punta Arenas', 338),
	(339, 'calle Río Verde', 339),
	(340, 'calle San Gregorio', 340),
	(341, 'calle Porvenir', 341),
	(342, 'calle Primavera', 342),
	(343, 'calle Timaukel', 343),
	(344, 'calle Natales', 344),
	(345, 'calle Torres del Paine', 345);
/*!40000 ALTER TABLE `calle` ENABLE KEYS */;

-- Volcando estructura para tabla mundo.ciudad
CREATE TABLE IF NOT EXISTS `ciudad` (
  `id_ciudad` int(11) NOT NULL,
  `nombre_ciudad` varchar(64) NOT NULL,
  `id_provincia` int(11) NOT NULL,
  PRIMARY KEY (`id_ciudad`)
) ENGINE=MyISAM AUTO_INCREMENT=346 DEFAULT CHARSET=utf8;

-- Volcando datos para la tabla mundo.ciudad: 345 rows
/*!40000 ALTER TABLE `ciudad` DISABLE KEYS */;
INSERT INTO `ciudad` (`id_ciudad`, `nombre_ciudad`, `id_provincia`) VALUES
	(1, 'Arica', 1),
	(2, 'Camarones', 1),
	(3, 'General Lagos', 2),
	(4, 'Putre', 2),
	(5, 'Alto Hospicio', 3),
	(6, 'Iquique', 3),
	(7, 'Camiña', 4),
	(8, 'Colchane', 4),
	(9, 'Huara', 4),
	(10, 'Pica', 4),
	(11, 'Pozo Almonte', 4),
	(12, 'Antofagasta', 5),
	(13, 'Mejillones', 5),
	(14, 'Sierra Gorda', 5),
	(15, 'Taltal', 5),
	(16, 'Calama', 6),
	(17, 'Ollague', 6),
	(18, 'San Pedro de Atacama', 6),
	(19, 'María Elena', 7),
	(20, 'Tocopilla', 7),
	(21, 'Chañaral', 8),
	(22, 'Diego de Almagro', 8),
	(23, 'Caldera', 9),
	(24, 'Copiapó', 9),
	(25, 'Tierra Amarilla', 9),
	(26, 'Alto del Carmen', 10),
	(27, 'Freirina', 10),
	(28, 'Huasco', 10),
	(29, 'Vallenar', 10),
	(30, 'Canela', 11),
	(31, 'Illapel', 11),
	(32, 'Los Vilos', 11),
	(33, 'Salamanca', 11),
	(34, 'Andacollo', 12),
	(35, 'Coquimbo', 12),
	(36, 'La Higuera', 12),
	(37, 'La Serena', 12),
	(38, 'Paihuaco', 12),
	(39, 'Vicuña', 12),
	(40, 'Combarbalá', 13),
	(41, 'Monte Patria', 13),
	(42, 'Ovalle', 13),
	(43, 'Punitaqui', 13),
	(44, 'Río Hurtado', 13),
	(45, 'Isla de Pascua', 14),
	(46, 'Calle Larga', 15),
	(47, 'Los Andes', 15),
	(48, 'Rinconada', 15),
	(49, 'San Esteban', 15),
	(50, 'La Ligua', 16),
	(51, 'Papudo', 16),
	(52, 'Petorca', 16),
	(53, 'Zapallar', 16),
	(54, 'Hijuelas', 17),
	(55, 'La Calera', 17),
	(56, 'La Cruz', 17),
	(57, 'Limache', 17),
	(58, 'Nogales', 17),
	(59, 'Olmué', 17),
	(60, 'Quillota', 17),
	(61, 'Algarrobo', 18),
	(62, 'Cartagena', 18),
	(63, 'El Quisco', 18),
	(64, 'El Tabo', 18),
	(65, 'San Antonio', 18),
	(66, 'Santo Domingo', 18),
	(67, 'Catemu', 19),
	(68, 'Llaillay', 19),
	(69, 'Panquehue', 19),
	(70, 'Putaendo', 19),
	(71, 'San Felipe', 19),
	(72, 'Santa María', 19),
	(73, 'Casablanca', 20),
	(74, 'Concón', 20),
	(75, 'Juan Fernández', 20),
	(76, 'Puchuncaví', 20),
	(77, 'Quilpué', 20),
	(78, 'Quintero', 20),
	(79, 'Valparaíso', 20),
	(80, 'Villa Alemana', 20),
	(81, 'Viña del Mar', 20),
	(82, 'Colina', 21),
	(83, 'Lampa', 21),
	(84, 'Tiltil', 21),
	(85, 'Pirque', 22),
	(86, 'Puente Alto', 22),
	(87, 'San José de Maipo', 22),
	(88, 'Buin', 23),
	(89, 'Calera de Tango', 23),
	(90, 'Paine', 23),
	(91, 'San Bernardo', 23),
	(92, 'Alhué', 24),
	(93, 'Curacaví', 24),
	(94, 'María Pinto', 24),
	(95, 'Melipilla', 24),
	(96, 'San Pedro', 24),
	(97, 'Cerrillos', 25),
	(98, 'Cerro Navia', 25),
	(99, 'Conchalí', 25),
	(100, 'El Bosque', 25),
	(101, 'Estación Central', 25),
	(102, 'Huechuraba', 25),
	(103, 'Independencia', 25),
	(104, 'La Cisterna', 25),
	(105, 'La Granja', 25),
	(106, 'La Florida', 25),
	(107, 'La Pintana', 25),
	(108, 'La Reina', 25),
	(109, 'Las Condes', 25),
	(110, 'Lo Barnechea', 25),
	(111, 'Lo Espejo', 25),
	(112, 'Lo Prado', 25),
	(113, 'Macul', 25),
	(114, 'Maipú', 25),
	(115, 'Ñuñoa', 25),
	(116, 'Pedro Aguirre Cerda', 25),
	(117, 'Peñalolén', 25),
	(118, 'Providencia', 25),
	(119, 'Pudahuel', 25),
	(120, 'Quilicura', 25),
	(121, 'Quinta Normal', 25),
	(122, 'Recoleta', 25),
	(123, 'Renca', 25),
	(124, 'San Miguel', 25),
	(125, 'San Joaquín', 25),
	(126, 'San Ramón', 25),
	(127, 'Santiago', 25),
	(128, 'Vitacura', 25),
	(129, 'El Monte', 26),
	(130, 'Isla de Maipo', 26),
	(131, 'Padre Hurtado', 26),
	(132, 'Peñaflor', 26),
	(133, 'Talagante', 26),
	(134, 'Codegua', 27),
	(135, 'Coínco', 27),
	(136, 'Coltauco', 27),
	(137, 'Doñihue', 27),
	(138, 'Graneros', 27),
	(139, 'Las Cabras', 27),
	(140, 'Machalí', 27),
	(141, 'Malloa', 27),
	(142, 'Mostazal', 27),
	(143, 'Olivar', 27),
	(144, 'Peumo', 27),
	(145, 'Pichidegua', 27),
	(146, 'Quinta de Tilcoco', 27),
	(147, 'Rancagua', 27),
	(148, 'Rengo', 27),
	(149, 'Requínoa', 27),
	(150, 'San Vicente de Tagua Tagua', 27),
	(151, 'La Estrella', 28),
	(152, 'Litueche', 28),
	(153, 'Marchihue', 28),
	(154, 'Navidad', 28),
	(155, 'Peredones', 28),
	(156, 'Pichilemu', 28),
	(157, 'Chépica', 29),
	(158, 'Chimbarongo', 29),
	(159, 'Lolol', 29),
	(160, 'Nancagua', 29),
	(161, 'Palmilla', 29),
	(162, 'Peralillo', 29),
	(163, 'Placilla', 29),
	(164, 'Pumanque', 29),
	(165, 'San Fernando', 29),
	(166, 'Santa Cruz', 29),
	(167, 'Cauquenes', 30),
	(168, 'Chanco', 30),
	(169, 'Pelluhue', 30),
	(170, 'Curicó', 31),
	(171, 'Hualañé', 31),
	(172, 'Licantén', 31),
	(173, 'Molina', 31),
	(174, 'Rauco', 31),
	(175, 'Romeral', 31),
	(176, 'Sagrada Familia', 31),
	(177, 'Teno', 31),
	(178, 'Vichuquén', 31),
	(179, 'Colbún', 32),
	(180, 'Linares', 32),
	(181, 'Longaví', 32),
	(182, 'Parral', 32),
	(183, 'Retiro', 32),
	(184, 'San Javier', 32),
	(185, 'Villa Alegre', 32),
	(186, 'Yerbas Buenas', 32),
	(187, 'Constitución', 33),
	(188, 'Curepto', 33),
	(189, 'Empedrado', 33),
	(190, 'Maule', 33),
	(191, 'Pelarco', 33),
	(192, 'Pencahue', 33),
	(193, 'Río Claro', 33),
	(194, 'San Clemente', 33),
	(195, 'San Rafael', 33),
	(196, 'Talca', 33),
	(197, 'Arauco', 34),
	(198, 'Cañete', 34),
	(199, 'Contulmo', 34),
	(200, 'Curanilahue', 34),
	(201, 'Lebu', 34),
	(202, 'Los Álamos', 34),
	(203, 'Tirúa', 34),
	(204, 'Alto Biobío', 35),
	(205, 'Antuco', 35),
	(206, 'Cabrero', 35),
	(207, 'Laja', 35),
	(208, 'Los Ángeles', 35),
	(209, 'Mulchén', 35),
	(210, 'Nacimiento', 35),
	(211, 'Negrete', 35),
	(212, 'Quilaco', 35),
	(213, 'Quilleco', 35),
	(214, 'San Rosendo', 35),
	(215, 'Santa Bárbara', 35),
	(216, 'Tucapel', 35),
	(217, 'Yumbel', 35),
	(218, 'Chiguayante', 36),
	(219, 'Concepción', 36),
	(220, 'Coronel', 36),
	(221, 'Florida', 36),
	(222, 'Hualpén', 36),
	(223, 'Hualqui', 36),
	(224, 'Lota', 36),
	(225, 'Penco', 36),
	(226, 'San Pedro de La Paz', 36),
	(227, 'Santa Juana', 36),
	(228, 'Talcahuano', 36),
	(229, 'Tomé', 36),
	(230, 'Bulnes', 37),
	(231, 'Chillán', 37),
	(232, 'Chillán Viejo', 37),
	(233, 'Cobquecura', 37),
	(234, 'Coelemu', 37),
	(235, 'Coihueco', 37),
	(236, 'El Carmen', 37),
	(237, 'Ninhue', 37),
	(238, 'Ñiquen', 37),
	(239, 'Pemuco', 37),
	(240, 'Pinto', 37),
	(241, 'Portezuelo', 37),
	(242, 'Quillón', 37),
	(243, 'Quirihue', 37),
	(244, 'Ránquil', 37),
	(245, 'San Carlos', 37),
	(246, 'San Fabián', 37),
	(247, 'San Ignacio', 37),
	(248, 'San Nicolás', 37),
	(249, 'Treguaco', 37),
	(250, 'Yungay', 37),
	(251, 'Carahue', 38),
	(252, 'Cholchol', 38),
	(253, 'Cunco', 38),
	(254, 'Curarrehue', 38),
	(255, 'Freire', 38),
	(256, 'Galvarino', 38),
	(257, 'Gorbea', 38),
	(258, 'Lautaro', 38),
	(259, 'Loncoche', 38),
	(260, 'Melipeuco', 38),
	(261, 'Nueva Imperial', 38),
	(262, 'Padre Las Casas', 38),
	(263, 'Perquenco', 38),
	(264, 'Pitrufquén', 38),
	(265, 'Pucón', 38),
	(266, 'Saavedra', 38),
	(267, 'Temuco', 38),
	(268, 'Teodoro Schmidt', 38),
	(269, 'Toltén', 38),
	(270, 'Vilcún', 38),
	(271, 'Villarrica', 38),
	(272, 'Angol', 39),
	(273, 'Collipulli', 39),
	(274, 'Curacautín', 39),
	(275, 'Ercilla', 39),
	(276, 'Lonquimay', 39),
	(277, 'Los Sauces', 39),
	(278, 'Lumaco', 39),
	(279, 'Purén', 39),
	(280, 'Renaico', 39),
	(281, 'Traiguén', 39),
	(282, 'Victoria', 39),
	(283, 'Corral', 40),
	(284, 'Lanco', 40),
	(285, 'Los Lagos', 40),
	(286, 'Máfil', 40),
	(287, 'Mariquina', 40),
	(288, 'Paillaco', 40),
	(289, 'Panguipulli', 40),
	(290, 'Valdivia', 40),
	(291, 'Futrono', 41),
	(292, 'La Unión', 41),
	(293, 'Lago Ranco', 41),
	(294, 'Río Bueno', 41),
	(295, 'Ancud', 42),
	(296, 'Castro', 42),
	(297, 'Chonchi', 42),
	(298, 'Curaco de Vélez', 42),
	(299, 'Dalcahue', 42),
	(300, 'Puqueldón', 42),
	(301, 'Queilén', 42),
	(302, 'Quemchi', 42),
	(303, 'Quellón', 42),
	(304, 'Quinchao', 42),
	(305, 'Calbuco', 43),
	(306, 'Cochamó', 43),
	(307, 'Fresia', 43),
	(308, 'Frutillar', 43),
	(309, 'Llanquihue', 43),
	(310, 'Los Muermos', 43),
	(311, 'Maullín', 43),
	(312, 'Puerto Montt', 43),
	(313, 'Puerto Varas', 43),
	(314, 'Osorno', 44),
	(315, 'Puero Octay', 44),
	(316, 'Purranque', 44),
	(317, 'Puyehue', 44),
	(318, 'Río Negro', 44),
	(319, 'San Juan de la Costa', 44),
	(320, 'San Pablo', 44),
	(321, 'Chaitén', 45),
	(322, 'Futaleufú', 45),
	(323, 'Hualaihué', 45),
	(324, 'Palena', 45),
	(325, 'Aisén', 46),
	(326, 'Cisnes', 46),
	(327, 'Guaitecas', 46),
	(328, 'Cochrane', 47),
	(329, 'O\'higgins', 47),
	(330, 'Tortel', 47),
	(331, 'Coihaique', 48),
	(332, 'Lago Verde', 48),
	(333, 'Chile Chico', 49),
	(334, 'Río Ibáñez', 49),
	(335, 'Antártica', 50),
	(336, 'Cabo de Hornos', 50),
	(337, 'Laguna Blanca', 51),
	(338, 'Punta Arenas', 51),
	(339, 'Río Verde', 51),
	(340, 'San Gregorio', 51),
	(341, 'Porvenir', 52),
	(342, 'Primavera', 52),
	(343, 'Timaukel', 52),
	(344, 'Natales', 53),
	(345, 'Torres del Paine', 53);
/*!40000 ALTER TABLE `ciudad` ENABLE KEYS */;

-- Volcando estructura para tabla mundo.provincia
CREATE TABLE IF NOT EXISTS `provincia` (
  `id_provincia` int(11) NOT NULL AUTO_INCREMENT,
  `nombre_provincia` varchar(64) NOT NULL,
  `id_region` int(11) NOT NULL,
  PRIMARY KEY (`id_provincia`)
) ENGINE=MyISAM AUTO_INCREMENT=54 DEFAULT CHARSET=utf8;

-- Volcando datos para la tabla mundo.provincia: 53 rows
/*!40000 ALTER TABLE `provincia` DISABLE KEYS */;
INSERT INTO `provincia` (`id_provincia`, `nombre_provincia`, `id_region`) VALUES
	(1, 'Arica', 1),
	(2, 'Parinacota', 1),
	(3, 'Iquique', 2),
	(4, 'El Tamarugal', 2),
	(5, 'Antofagasta', 3),
	(6, 'El Loa', 3),
	(7, 'Tocopilla', 3),
	(8, 'Chañaral', 4),
	(9, 'Copiapó', 4),
	(10, 'Huasco', 4),
	(11, 'Choapa', 5),
	(12, 'Elqui', 5),
	(13, 'Limarí', 5),
	(14, 'Isla de Pascua', 6),
	(15, 'Los Andes', 6),
	(16, 'Petorca', 6),
	(17, 'Quillota', 6),
	(18, 'San Antonio', 6),
	(19, 'San Felipe de Aconcagua', 6),
	(20, 'Valparaiso', 6),
	(21, 'Chacabuco', 7),
	(22, 'Cordillera', 7),
	(23, 'Maipo', 7),
	(24, 'Melipilla', 7),
	(25, 'Santiago', 7),
	(26, 'Talagante', 7),
	(27, 'Cachapoal', 8),
	(28, 'Cardenal Caro', 8),
	(29, 'Colchagua', 8),
	(30, 'Cauquenes', 9),
	(31, 'Curicó', 9),
	(32, 'Linares', 9),
	(33, 'Talca', 9),
	(34, 'Arauco', 10),
	(35, 'Bio Bío', 10),
	(36, 'Concepción', 10),
	(37, 'Ñuble', 10),
	(38, 'Cautín', 11),
	(39, 'Malleco', 11),
	(40, 'Valdivia', 12),
	(41, 'Ranco', 12),
	(42, 'Chiloé', 13),
	(43, 'Llanquihue', 13),
	(44, 'Osorno', 13),
	(45, 'Palena', 13),
	(46, 'Aisén', 14),
	(47, 'Capitán Prat', 14),
	(48, 'Coihaique', 14),
	(49, 'General Carrera', 14),
	(50, 'Antártica Chilena', 15),
	(51, 'Magallanes', 15),
	(52, 'Tierra del Fuego', 15),
	(53, 'Última Esperanza', 15);
/*!40000 ALTER TABLE `provincia` ENABLE KEYS */;

-- Volcando estructura para tabla mundo.region
CREATE TABLE IF NOT EXISTS `region` (
  `id_region` int(11) NOT NULL AUTO_INCREMENT,
  `nombre_region` varchar(64) NOT NULL,
  `ordinal_region` varchar(4) NOT NULL,
  PRIMARY KEY (`id_region`)
) ENGINE=MyISAM AUTO_INCREMENT=16 DEFAULT CHARSET=utf8;

-- Volcando datos para la tabla mundo.region: 15 rows
/*!40000 ALTER TABLE `region` DISABLE KEYS */;
INSERT INTO `region` (`id_region`, `nombre_region`, `ordinal_region`) VALUES
	(1, 'Arica y Parinacota', 'XV'),
	(2, 'Tarapacá', 'I'),
	(3, 'Antofagasta', 'II'),
	(4, 'Atacama', 'III'),
	(5, 'Coquimbo', 'IV'),
	(6, 'Valparaiso', 'V'),
	(7, 'Metropolitana de Santiago', 'RM'),
	(8, 'Libertador General Bernardo O\'Higgins', 'VI'),
	(9, 'Maule', 'VII'),
	(10, 'Biobío', 'VIII'),
	(11, 'La Araucanía', 'IX'),
	(12, 'Los Ríos', 'XIV'),
	(13, 'Los Lagos', 'X'),
	(14, 'Aisén del General Carlos Ibáñez del Campo', 'XI'),
	(15, 'Magallanes y de la Antártica Chilena', 'XII');
/*!40000 ALTER TABLE `region` ENABLE KEYS */;

/*!40101 SET SQL_MODE=IFNULL(@OLD_SQL_MODE, '') */;
/*!40014 SET FOREIGN_KEY_CHECKS=IFNULL(@OLD_FOREIGN_KEY_CHECKS, 1) */;
/*!40101 SET CHARACTER_SET_CLIENT=@OLD_CHARACTER_SET_CLIENT */;
/*!40111 SET SQL_NOTES=IFNULL(@OLD_SQL_NOTES, 1) */;
